Title,Source
শেখ হাসিনার মামলার রায় সরাসরি সম্প্রচার হবে: প্রসিকিউটর গাজী মোনাওয়ার,https://www.prothomalo.com/
আলো এক্সপ্লেইনার গণভোটে ‘না’ জয়ী,https://www.prothomalo.com/
গাজীপুরে গভীর রাতে গ্রামীণ ব্যাংকে পেট্রলবোমা হামলা,https://www.prothomalo.com/
"মাদারীপুরে মহাসড়কে গাছ ফেলে অবরোধ, ঘণ্টার চলাচল স্বাভাবিক",https://www.prothomalo.com/
ফাঁকা ঢাকার আসন চিন্তা বিএনপিতে,https://www.prothomalo.com/
রুপি কম পাবেন জেনেও চেন্নাই ছাড়লেন জাদেজা,https://www.prothomalo.com/
মতামত পাকিস্তানের ট্রাম্পের আঁতাত বিপজ্জনক,https://www.prothomalo.com/
মতামত সরকারি পে স্কেলে সংস্কার,https://www.prothomalo.com/
ক্রাউন সিমেন্ট অভিজ্ঞতার আলো : সিরাজুল ইসলাম চৌধুরী হৃদয়বান বুদ্ধিমান মানুষেরা পৃথিবীটাকে সুন্দর,https://www.prothomalo.com/
"ইসির সংলাপে ইসলামী ঐক্যজোটের দুপক্ষে তর্ক, একাংশকে বের হয়ে",https://www.prothomalo.com/
পবিত্র ঈদুল ফিতরের সম্ভাব্য তারিখ জানাল আরব আমিরাত,https://www.prothomalo.com/
"প্রতিষ্ঠাবার্ষিকীর লেখা বছর বয়সী ইংরেজির শিক্ষক, ফলোয়ার লাখ",https://www.prothomalo.com/
লাল কার্ড হলুদ কার্ড দেখায় এগিয়ে—মেসি রোনালদো,https://www.prothomalo.com/
বই পর্যালোচনা রিগ্যান ট্রাম্প: যুক্তরাষ্ট্রের পতন চীনের উত্থানের গল্প,https://www.prothomalo.com/
ব্যাংকে ‘পরিবারতন্ত্রে’র লাগাম টানছে সরকার,https://www.prothomalo.com/
সিলেটে মোটরসাইকেলে অ্যাম্বুলেন্সে আগুন দিল দুর্বৃত্তরা,https://www.prothomalo.com/
রাজধানীর হাজারীবাগে মধ্যরাতে বাসে আগুন,https://www.prothomalo.com/
"আটকে প্রাপ্তবয়স্কদের সনদ পাওয়া বাংলা সিনেমা, নেপথ্যে",https://www.prothomalo.com/
সাতকানিয়ায় রেললাইনে গাছ ফেলে নাশকতার,https://www.prothomalo.com/
"লিবিয়া উপকূলে বাংলাদেশি আরোহীবাহী নৌকাডুবি, মৃত্যু",https://www.prothomalo.com/
শেখ হাসিনার মামলার রায় সরাসরি সম্প্রচার হবে: প্রসিকিউটর গাজী মোনাওয়ার,https://www.prothomalo.com/
আলো এক্সপ্লেইনার গণভোটে ‘না’ জয়ী,https://www.prothomalo.com/
গাজীপুরে গভীর রাতে গ্রামীণ ব্যাংকে পেট্রলবোমা হামলা,https://www.prothomalo.com/
"মাদারীপুরে মহাসড়কে গাছ ফেলে অবরোধ, ঘণ্টার চলাচল স্বাভাবিক",https://www.prothomalo.com/
ফাঁকা ঢাকার আসন চিন্তা বিএনপিতে,https://www.prothomalo.com/
রুপি কম পাবেন জেনেও চেন্নাই ছাড়লেন জাদেজা,https://www.prothomalo.com/
মতামত পাকিস্তানের ট্রাম্পের আঁতাত বিপজ্জনক,https://www.prothomalo.com/
মতামত সরকারি পে স্কেলে সংস্কার,https://www.prothomalo.com/
ক্রাউন সিমেন্ট অভিজ্ঞতার আলো : সিরাজুল ইসলাম চৌধুরী হৃদয়বান বুদ্ধিমান মানুষেরা পৃথিবীটাকে সুন্দর,https://www.prothomalo.com/
"ইসির সংলাপে ইসলামী ঐক্যজোটের দুপক্ষে তর্ক, একাংশকে বের হয়ে",https://www.prothomalo.com/
পবিত্র ঈদুল ফিতরের সম্ভাব্য তারিখ জানাল আরব আমিরাত,https://www.prothomalo.com/
"প্রতিষ্ঠাবার্ষিকীর লেখা বছর বয়সী ইংরেজির শিক্ষক, ফলোয়ার লাখ",https://www.prothomalo.com/
লাল কার্ড হলুদ কার্ড দেখায় এগিয়ে—মেসি রোনালদো,https://www.prothomalo.com/
বই পর্যালোচনা রিগ্যান ট্রাম্প: যুক্তরাষ্ট্রের পতন চীনের উত্থানের গল্প,https://www.prothomalo.com/
ব্যাংকে ‘পরিবারতন্ত্রে’র লাগাম টানছে সরকার,https://www.prothomalo.com/
সিলেটে মোটরসাইকেলে অ্যাম্বুলেন্সে আগুন দিল দুর্বৃত্তরা,https://www.prothomalo.com/
রাজধানীর হাজারীবাগে মধ্যরাতে বাসে আগুন,https://www.prothomalo.com/
"আটকে প্রাপ্তবয়স্কদের সনদ পাওয়া বাংলা সিনেমা, নেপথ্যে",https://www.prothomalo.com/
সাতকানিয়ায় রেললাইনে গাছ ফেলে নাশকতার,https://www.prothomalo.com/
"লিবিয়া উপকূলে বাংলাদেশি আরোহীবাহী নৌকাডুবি, মৃত্যু",https://www.prothomalo.com/
আলো এক্সপ্লেইনার গণভোটে ‘না’ জয়ী,https://www.prothomalo.com/
গাজীপুরে গভীর রাতে গ্রামীণ ব্যাংকে পেট্রলবোমা হামলা,https://www.prothomalo.com/
"মাদারীপুরে মহাসড়কে গাছ ফেলে অবরোধ, ঘণ্টার চলাচল স্বাভাবিক",https://www.prothomalo.com/
সিলেটে মোটরসাইকেলে অ্যাম্বুলেন্সে আগুন দিল দুর্বৃত্তরা,https://www.prothomalo.com/
রাজধানীর হাজারীবাগে মধ্যরাতে বাসে আগুন,https://www.prothomalo.com/
"আটকে প্রাপ্তবয়স্কদের সনদ পাওয়া বাংলা সিনেমা, নেপথ্যে",https://www.prothomalo.com/
সাতকানিয়ায় রেললাইনে গাছ ফেলে নাশকতার,https://www.prothomalo.com/
"লিবিয়া উপকূলে বাংলাদেশি আরোহীবাহী নৌকাডুবি, মৃত্যু",https://www.prothomalo.com/
শেখ হাসিনার মামলার রায় সরাসরি সম্প্রচার হবে: প্রসিকিউটর গাজী মোনাওয়ার,https://www.prothomalo.com/
ফাঁকা ঢাকার আসন চিন্তা বিএনপিতে,https://www.prothomalo.com/
রুপি কম পাবেন জেনেও চেন্নাই ছাড়লেন জাদেজা,https://www.prothomalo.com/
"ইসির সংলাপে ইসলামী ঐক্যজোটের দুপক্ষে তর্ক, একাংশকে বের হয়ে",https://www.prothomalo.com/
পবিত্র ঈদুল ফিতরের সম্ভাব্য তারিখ জানাল আরব আমিরাত,https://www.prothomalo.com/
"প্রতিষ্ঠাবার্ষিকীর লেখা বছর বয়সী ইংরেজির শিক্ষক, ফলোয়ার লাখ",https://www.prothomalo.com/
লাল কার্ড হলুদ কার্ড দেখায় এগিয়ে—মেসি রোনালদো,https://www.prothomalo.com/
বই পর্যালোচনা রিগ্যান ট্রাম্প: যুক্তরাষ্ট্রের পতন চীনের উত্থানের গল্প,https://www.prothomalo.com/
ব্যাংকে ‘পরিবারতন্ত্রে’র লাগাম টানছে সরকার,https://www.prothomalo.com/
মতামত পাকিস্তানের ট্রাম্পের আঁতাত বিপজ্জনক,https://www.prothomalo.com/
মতামত সরকারি পে স্কেলে সংস্কার,https://www.prothomalo.com/
ক্রাউন সিমেন্ট অভিজ্ঞতার আলো : সিরাজুল ইসলাম চৌধুরী হৃদয়বান বুদ্ধিমান মানুষেরা পৃথিবীটাকে সুন্দর,https://www.prothomalo.com/
সংলাপ: আচরণ বিধিমালা ‘মনোযোগ দিয়ে’ পড়ার আহ্বান সিইসির,https://bangla.bdnews24.com/
কাদের সিদ্দিকীকে আদালতে হাজিরা লতিফ সিদ্দিকী,https://bangla.bdnews24.com/
ইস্কাটনে হাতবোমা বিস্ফোরণে পথচারী আহত,https://bangla.bdnews24.com/
মেয়র হত্যাকাণ্ডের প্রতিবাদে মেক্সিকোজুড়ে জেন-জি বিক্ষোভ,https://bangla.bdnews24.com/
"রাতে তিন বাসে আগুন, হাতবোমা বিস্ফোরণ",https://bangla.bdnews24.com/
"সাবেক বিচারপতি মানিক, মন্ত্রীসহ আয়কর নথি জব্দের আদেশ",https://bangla.bdnews24.com/
অন্বেষার কত্থক নাচের ছন্দে 'আরো দাও প্রাণ',https://bangla.bdnews24.com/
"অ্যাপল ছাড়তে টিম কুক, হচ্ছেন উত্তরসূরি?",https://bangla.bdnews24.com/
নোয়াখালীর লোক কথা ‘নোয়াখালী এক্সপ্রেস’,https://bangla.bdnews24.com/
সেকেন্ডে ফ্রেম ধারণ ‘ক্যামেরা’,https://bangla.bdnews24.com/
ওটস আপেল কেক তৈরির পদ্ধতি,https://bangla.bdnews24.com/
প্লেনের আসন হেলাতে অতিরিক্ত অর্থ যাত্রীদের,https://bangla.bdnews24.com/
"ম্যাচে গোল, আরেকটি জয়ে বিশ্বকাপের দ্বারপ্রান্তে স্পেন",https://bangla.bdnews24.com/
শাকিবের ‘প্রিন্সেস’ তাসনিয়া ফারিণ,https://bangla.bdnews24.com/
মাদকমুক্ত জামালপুর উপহার চাই: শাহ মো. ওয়ারেছ আলী,https://bangla.bdnews24.com/
অ্যাশেজের বিপর্যস্ত অস্ট্রেলিয়া,https://bangla.bdnews24.com/
বাংলাদেশের ইতিহাসে দ্রুততম সেঞ্চুরির রেকর্ড সোহানের,https://bangla.bdnews24.com/
হাই কোর্টের ড্রামে লাশ: আসামি পাঁচ দিনের রিমান্ডে,https://bangla.bdnews24.com/
"কাশ্মীরের শ্রীনগরের থানায় বিস্ফোরণ, নিহত আহত",https://bangla.bdnews24.com/
শুধুমাত্র বগুড়ায় বাড়ি হওয়ার কারণে যুবকরা বৈষম্যের শিকার হয়েছে: রফিকুল ইসলাম,https://bangla.bdnews24.com/
ক্ষমতায় ‘আল্লাহর ওপর আস্থা বিশ্বাস সংবিধানে পুনর্বহাল করবে’ বিএনপি,https://bangla.bdnews24.com/
গিলেস্পি-বোল্যান্ডের ডগেট,https://bangla.bdnews24.com/
"স্যামসন নয়, রুতুরাজই চেন্নাইয়ের অধিনায়ক",https://bangla.bdnews24.com/
টেস্টের মাঝপথে হাসপাতালে ভর্তি শুবমান গিল,https://bangla.bdnews24.com/
দুইবার আইপিএল জয়ী রাসেলকে ছেড়ে দিল কলকাতা,https://bangla.bdnews24.com/
স্পিনারদের দাপটে জয়ের সুবাস পাচ্ছে ভারত,https://bangla.bdnews24.com/
"সানজামুলের সেঞ্চুরি, রবিউলের উইকেট",https://bangla.bdnews24.com/
"ফিফটি, সেঞ্চুরি, সোহানের রেকর্ডময় ইনিংস",https://bangla.bdnews24.com/
শুভ কিবরিয়া,https://bangla.bdnews24.com/
লুৎফুল হোসেন,https://bangla.bdnews24.com/
মুত্তাকি বিন কামাল,https://bangla.bdnews24.com/
আমীন আল রশীদ,https://bangla.bdnews24.com/
"মাদারীপুরে গাছ ফেলে সড়ক অবরোধ, ঘণ্টা চলাচল বন্ধ",https://bangla.bdnews24.com/
"‘ঝটিকা মিছিল-নাশকতার চেষ্টা’, আওয়ামী লীগের নেতাকর্মী আটক",https://bangla.bdnews24.com/
মানিকগঞ্জে ছাত্রলীগের সাবেক নেতা গ্রেপ্তার,https://bangla.bdnews24.com/
কাশিয়ানীতে গাছ ফেলে সড়ক অবরোধের ‘আওয়ামী লীগের’,https://bangla.bdnews24.com/
সিলেটে গভীররাতে অ্যাম্বুলেন্স বাসে আগুন,https://bangla.bdnews24.com/
ময়মনসিংহে দাঁড়িয়ে কভার্ড ভ্যানে আগুন,https://bangla.bdnews24.com/
"ভাড়া ‘তর্ক-হাতাহাতি’, বরিশালে টার্মিনালে ‘শতাধিক’ বাস ভাঙচুর",https://bangla.bdnews24.com/
বছর তারেকের শাহাদাতের,https://bangla.bdnews24.com/
চট্টগ্রামে খুনোখুনি কেন?,https://bangla.bdnews24.com/
‘গায়ে পড়ে ঝগড়া বাঁধালে’ চুপ থাকব না: বিএসপি চেয়ারম্যান,https://bangla.bdnews24.com/
চট্টগ্রাম বন্দর: এনসিটি লালদিয়া ইজারার সিদ্ধান্তের প্রতিবাদে মশাল মিছিল,https://bangla.bdnews24.com/
চট্টগ্রামে ব্যবসায়ীকে ‘ব্লেড দিয়ে খুঁচিয়ে খুঁচিয়ে মারার’ হুমকি,https://bangla.bdnews24.com/
"পরিসর ‘দ্বিগুণ’ চট্টগ্রাম চিড়িয়াখানার, প্রাণী জাদুঘরও",https://bangla.bdnews24.com/
"চট্টগ্রামে মোবাইল মেকানিক খুন, গ্রেপ্তার",https://bangla.bdnews24.com/
যুক্তরাষ্ট্রের সান ডিয়াগো উপকূলে নৌকা উল্টে মৃত্যু,https://bangla.bdnews24.com/
মেয়র হত্যাকাণ্ডের প্রতিবাদে মেক্সিকোজুড়ে জেন-জি বিক্ষোভ,https://bangla.bdnews24.com/
"ঝড় ক্লাদিয়ায় পতুর্গালে নিহত , ব্রিটেনে বন্যা",https://bangla.bdnews24.com/
"বাংলাদেশি লিবিয়া উপকূলে নৌকাডুবি, লাশ উদ্ধার",https://bangla.bdnews24.com/
সামরিক উত্তেজনা বাড়ায় ভেনেজুয়েলাকে মার্কিন কর্মকর্তাদের বৈঠক,https://bangla.bdnews24.com/
হরমুজ প্রণালীতে ট্যাঙ্কার আটক ইরান,https://bangla.bdnews24.com/
সেকেন্ডে ফ্রেম ধারণ ‘ক্যামেরা’,https://bangla.bdnews24.com/
"অ্যাপল ছাড়তে টিম কুক, হচ্ছেন উত্তরসূরি?",https://bangla.bdnews24.com/
"অ্যাপল, ওপেনএআইয়ের বিরুদ্ধে এক্স, এক্সএআইয়ের মামলা ‘চলবে’",https://bangla.bdnews24.com/
ইনস্টাগ্রামের ব্রডকাস্ট চ্যানেলের টিকটকে ‘বুলেটিন বোর্ড’,https://bangla.bdnews24.com/
ঝুঁকিপূর্ণ কনটেন্ট সামাজিক শিশুদের নাগালেই,https://bangla.bdnews24.com/
চ্যাটজিপিটিতে মজার ব্যক্তিত্ব ‘কোয়ার্কি’,https://bangla.bdnews24.com/
প্লেনের আসন হেলাতে অতিরিক্ত অর্থ যাত্রীদের,https://bangla.bdnews24.com/
সুপারনোভার ‘জন্মমুহূর্ত’ দেখলেন বিজ্ঞানীরা,https://bangla.bdnews24.com/
অন্বেষার কত্থক নাচের ছন্দে 'আরো দাও প্রাণ',https://bangla.bdnews24.com/
নোয়াখালীর লোক কথা ‘নোয়াখালী এক্সপ্রেস’,https://bangla.bdnews24.com/
শাকিবের ‘প্রিন্সেস’ তাসনিয়া ফারিণ,https://bangla.bdnews24.com/
ওয়ারফেজের নেপথ্যের গল্প শোনাবেন টিপু,https://bangla.bdnews24.com/
অমিতাভ রেজার সহযাত্রী সহযোদ্ধা হলেন,https://bangla.bdnews24.com/
শাকিবের নায়িকা হানিয়া আমির? রহস্য ভাঙলেন নায়ক,https://bangla.bdnews24.com/
‘দিদি নম্বর ’: রচনার মীর সঞ্চালনায়,https://bangla.bdnews24.com/
ফুয়াদের সুরে কনার ‘ভিতর বাহিরে’,https://bangla.bdnews24.com/
ওটস আপেল কেক তৈরির পদ্ধতি,https://bangla.bdnews24.com/
নভেম্বর রাশিফল,https://bangla.bdnews24.com/
ঢাকা মেকার্সের হাতে কলমে শেখার উৎসব,https://bangla.bdnews24.com/
ছোট বসার ঘর যেভাবে বড় দেখানো যায়,https://bangla.bdnews24.com/
ব্যস্ত শহরে রান্নার বন্ধু ‘রেডি টু কুক’,https://bangla.bdnews24.com/
সময় বাঁচিয়ে সাজগোজ,https://bangla.bdnews24.com/
কই মাছ ভুনা রান্নার সহজ রেসিপি,https://bangla.bdnews24.com/
সালসা নাচ শিখতে চাইলে,https://bangla.bdnews24.com/
"মৌসুমে গোল করলেও লাভ নেই, কেইনের চাওয়া দলীয় শিরোপা",https://bangla.bdnews24.com/
"ম্যাচে গোল, আরেকটি জয়ে বিশ্বকাপের দ্বারপ্রান্তে স্পেন",https://bangla.bdnews24.com/
টিভিতে রোববারের খেলা,https://bangla.bdnews24.com/
সেনেগালের বিপক্ষে জয়ের হাসি ব্রাজিলের,https://bangla.bdnews24.com/
বিশ্বকাপের দেড় লাখ জনসংখ্যার দেশ কুরাসাও,https://bangla.bdnews24.com/
ভারতকে হারিয়ে ‘প্রথম জয়’ পেতে শোমিত,https://bangla.bdnews24.com/
ফারুক মঈনউদ্দীন,https://bangla.bdnews24.com/
কামরুল আহসান,https://bangla.bdnews24.com/
আশরাফ আহমেদ,https://bangla.bdnews24.com/
মনিকা চক্রবর্তী,https://bangla.bdnews24.com/
নভেম্বর,https://bangla.bdnews24.com/
নোঙর তুলল শতবর্ষী পিএস মাহসুদ,https://bangla.bdnews24.com/
পুলিশ নামছে পোশাকে,https://bangla.bdnews24.com/
ঠান্ডা হাওয়ায় ভিড় বেড়েছে কম্বলের বাজারে,https://bangla.bdnews24.com/
জাপানি কবিতা ‘হাইকু’: তিন লাইনের বিস্ময়,https://bangla.bdnews24.com/
"চীনের অচিন পথে, ষষ্ঠ পর্ব",https://bangla.bdnews24.com/
মাইগ্র্যান্ট ব্যান্ড: সিঙ্গাপুরে বাংলাদেশি শ্রমিকদের গানের দল,https://bangla.bdnews24.com/
ভলতেয়ার: কয়েদি নাট্যকার হওয়ার গল্প,https://bangla.bdnews24.com/
"চীনের অচিন পথে, পঞ্চম পর্ব",https://bangla.bdnews24.com/
কর্মশালায় অংশ আত্মবিশ্বাস বেড়েছে,https://bangla.bdnews24.com/
রাণীনগরে ক্রীড়া প্রতিযোগিতা,https://bangla.bdnews24.com/
"টাঙ্গাইলের প্রাথমিকে ‘প্লে-গ্রাউন্ড’ স্থাপন, উচ্ছ্বসিত শিক্ষার্থীরা",https://bangla.bdnews24.com/
স্কুলে সংগীত শিক্ষক চাই,https://bangla.bdnews24.com/
কথার জাদুতে অমর হুমায়ূন আহমেদ,https://bangla.bdnews24.com/
মনের যত্ন নেওয়াও জরুরি,https://bangla.bdnews24.com/
বাল্যবিয়ে মুক্ত দেশের স্বপ্ন দেখি,https://bangla.bdnews24.com/
এআই ব্যবহারের সীমা কোথায়?,https://bangla.bdnews24.com/
তৃতীয় চালানে যুক্তরাষ্ট্র টন গম,https://bangla.bdnews24.com/
"ডাচ্-বাংলার এজেন্ট ব্যাংকিংয়ে 'টাকা আত্মসাৎ', এমডিসহ বিরুদ্ধে মামলা",https://bangla.bdnews24.com/
জমি-ফ্ল্যাট বিক্রি: দ্বিতীয়বার ফি পারবে ডেভেলপার কোম্পানি,https://bangla.bdnews24.com/
"কিউকম সিইও রিপন কারাগারে, রিমান্ড শুনানি বুধবার",https://bangla.bdnews24.com/
দারাজ .: বছরের ‘সবচেয়ে বড় ছাড়ে’ ঘরের সেরা পণ্য কেনার সময় এখনই!,https://bangla.bdnews24.com/
রবির ব্র্যান্ড অ্যাম্বাসেডর হলেন ফুটবলার হামজা,https://bangla.bdnews24.com/
"হ্যান্ডসেটের শুল্ক কমানো, বাজারে ফোন বৈধ চায় বিটিআরসি",https://bangla.bdnews24.com/
দেশে প্রক্রিয়াজাত খাদ্যের বাজার দশমিক বিলিয়ন ডলারের: কর্মশালা,https://bangla.bdnews24.com/
কাঠামোগত সংস্কারে বাংলাদেশ ‘উল্লেখযোগ্য’ অগ্রগতি করেছে: আইএমএফ,https://bangla.bdnews24.com/
লালদিয়া বন্দর নির্মাণ-পরিচালনার পাচ্ছে ডেনমার্কের এপিএম টার্মিনালস,https://bangla.bdnews24.com/
একনেকে টাকার প্রকল্প অনুমোদন,https://bangla.bdnews24.com/
"মূল্যস্ফীতি কমে .%, মাসের সর্বনিম্ন",https://bangla.bdnews24.com/
মূল্যস্ফীতি শতাংশ সুদহার কমানোর পরামর্শ আইএমএফের,https://bangla.bdnews24.com/
বিদেশি ঋণ: প্রান্তিকে অর্থছাড় বাড়ল %,https://bangla.bdnews24.com/
সঞ্চয়পত্রের অর্থ আত্মসাৎ: তদন্তে কমিটি গঠন অর্থ মন্ত্রণালয়ের,https://bangla.bdnews24.com/
ই-রিটার্ন ‘সমর্থ হলে’ জানাতে নভেম্বরের,https://bangla.bdnews24.com/
মিউচুয়াল ফান্ড বিধিমালা সংশোধন: বিনিয়োগ পরিচালক হওয়া,https://bangla.bdnews24.com/
পুঁজিবাজার: লাখের কম বিনিয়োগে মিলবে মার্জিন ঋণ,https://bangla.bdnews24.com/
মার্জারে শেয়ারধারীদের স্বার্থ রক্ষার সুযোগ নেই: বাংলাদেশ ব্যাংক,https://bangla.bdnews24.com/
মার্জারে ব্যাংকের শেয়ার লেনদেন স্থগিত,https://bangla.bdnews24.com/
আইএফআইসি বন্ডে প্রতারণা: সাবেক এমডি সারওয়ারকে টাকা অর্থদণ্ড,https://bangla.bdnews24.com/
টাকা আত্মসাৎ: রিং শাইনের উদ্যোক্তা পরিচালকসহ বিদেশির দেশত্যাগে নিষেধাজ্ঞা,https://bangla.bdnews24.com/
ডিবিএ প্রেসিডেন্ট হলেন সাইফুল ইসলাম,https://bangla.bdnews24.com/
এলআর গ্লোবালের রিয়াজ ইসলাম শেয়ারবাজারে ‘আজীবন নিষিদ্ধ’,https://bangla.bdnews24.com/
ব্রুকলিনে বিজয় উৎসবে মামদানি,https://bangla.bdnews24.com/
ছবিতে কাঠমান্ডুর বিক্ষোভ,https://bangla.bdnews24.com/
শেখ হাসিনার পতনের,https://bangla.bdnews24.com/
সাহসী দিদারুলকে অশ্রুজলে বিদায়,https://bangla.bdnews24.com/
প্যারিস এয়ার শো,https://bangla.bdnews24.com/
দেশে দেশে ঈদুল ফিতর উদযাপন,https://bangla.bdnews24.com/
গাজায় ইসরায়েলি নৃশংসতার এক ভোর,https://bangla.bdnews24.com/
লালসালু তৈরির ধুম,https://bangla.bdnews24.com/
কাদের সিদ্দিকীকে আদালতে হাজিরা লতিফ সিদ্দিকী,https://bangla.bdnews24.com/
বছর তারেকের শাহাদাতের,https://bangla.bdnews24.com/
মাসুদ আহমেদের বহিষ্কারের আদেশ নিল বিএনপি,https://bangla.bdnews24.com/
সরকার হাত-পা বেঁধে জাপাকে সাঁতারে নামাতে চায়: জিএম কাদের,https://bangla.bdnews24.com/
আসনে প্রার্থী ঘোষণা গণফোরামের,https://bangla.bdnews24.com/
টাওয়ার হ্যামলেটসের মেয়রপ্রার্থী সিরাজের সাংবাদিকদের সভা,https://bangla.bdnews24.com/
বাহরাইনে প্রবাসীদের সচেতনতামূলক মোবাইল কনস্যুলার ক্যাম্প,https://bangla.bdnews24.com/
কুয়েতে দশকে পাঁচ বাংলাদেশি প্রবাসীর মৃত্যু,https://bangla.bdnews24.com/
কাউন্সিলরের ভোটের প্রচার: টাওয়ার হ্যামলেটসের প্রতিনিধিদের ডেকেছেন মন্ত্রী,https://bangla.bdnews24.com/
প্রবাসীদের ডাকযোগে ভোটে নিবন্ধনের আহ্বান যুক্তরাজ্য বিএনপির,https://bangla.bdnews24.com/
সুপারনোভার ‘জন্মমুহূর্ত’ দেখলেন বিজ্ঞানীরা,https://bangla.bdnews24.com/
মানুষের শ্বাস-প্রশ্বাসযোগ্য বাতাসে দূষণ ঘটায় তেলাপোকা: গবেষণা,https://bangla.bdnews24.com/
বিশ্বের অর্ধেক মানুষ পাকস্থলী ক্যান্সারের ব্যাকটেরিয়া বহন করছে: গবেষণা,https://bangla.bdnews24.com/
শনির চাঁদে থাকতে ‘এলিয়েনের আবাস’,https://bangla.bdnews24.com/
পৃথিবীর আশপাশে ঘুরে বেড়াচ্ছে দীর্ঘস্থায়ী ‘অতিথি’,https://bangla.bdnews24.com/
"জাবিতে রাত টার অনুষ্ঠান নয়, শব্দের মাত্রা ‘সহনীয়’",https://bangla.bdnews24.com/
‘যৌন নিপীড়নের’ অভিযোগ: ঢাবি শিক্ষকের বিরুদ্ধে মানববন্ধন,https://bangla.bdnews24.com/
অগ্রহায়ণের শুরুতে ডাকসুর ‘আদি নববর্ষ’ উৎসব,https://bangla.bdnews24.com/
ছাত্রের ‘যৌন নিপীড়নের’ মামলায় ঢাবি শিক্ষক কারাগারে,https://bangla.bdnews24.com/
শাবিতে শিক্ষক নিয়োগে ‘রাজনীতির’ অভিযোগ,https://bangla.bdnews24.com/
ভোটের হাওয়ায় জুলাই সনদ টিকবে? সন্দিহান শাহদীন মালিক,https://bangla.bdnews24.com/
বাজেটেও স্বাস্থ্যের উন্নতি সম্ভব: ডা. আজাদ খান,https://bangla.bdnews24.com/
শ্রমিকদের ন্যূনতম সুরক্ষা নিশ্চিত ছাড়া বৈষম্যহীন জাতি গঠন সম্ভব নয়: সুলতান উদ্দিন আহমেদ,https://bangla.bdnews24.com/
"মেডিকেলে শেখায় রোগের চিকিৎসা, মানুষের চিকিৎসা নয়: ডা. আজাদ খান",https://bangla.bdnews24.com/
নির্বাচনের সক্রিয় ‘আন্ডারওয়ার্ল্ড’,https://bangla.thedailystar.net/
"জলবায়ু অর্থায়ন দরকষাকষির বিষয় নয়, টিকে থাকার প্রশ্ন: ফরিদা আখতার",https://bangla.thedailystar.net/
"পাবনায় শিশুর মরদেহ উদ্ধার, পুলিশের ধারণা কানের দুল ছিনিয়ে হত্যা",https://bangla.thedailystar.net/
‘সুন্দরবন রক্ষায় এখনই জলবায়ু অর্থায়ন প্রয়োজন’,https://bangla.thedailystar.net/
বিতর্কিত পুলিশ কর্মকর্তাকে নির্বাচনের দায়িত্ব না: আইজিপি,https://bangla.thedailystar.net/
বান্দরবানে রোহিঙ্গা নাগরিক আটক,https://bangla.thedailystar.net/
"বরিশালে শ্রমিক-শিক্ষার্থী সংঘর্ষে বাস ভাঙচুর, ঘণ্টা চলাচল বন্ধ",https://bangla.thedailystar.net/
ঢাকা-ময়মনসিংহ মহাসড়কে যাত্রীবাহী বাসে আগুন,https://bangla.thedailystar.net/
বছরের পুরোনো মাছের জীবাশ্ম চবির জাদুঘরে,https://bangla.thedailystar.net/
মাঠ হাসপাতালে গিলের খেলা শঙ্কা,https://bangla.thedailystar.net/
আইপিএল নিলাম: দল টাকা খরচ পারবে,https://bangla.thedailystar.net/
অস্ট্রেলিয়ান বংশোদ্ভূত তারকাকে বাংলাদেশে আসছে ভারত,https://bangla.thedailystar.net/
ঢাকাই সিনেমার সোনালি যুগের কিংবদন্তি পরিচালক,https://bangla.thedailystar.net/
ওটিটিতে জয়া শুভর সিনেমা,https://bangla.thedailystar.net/
ধর্মেন্দ্রর মিথ্যা মৃত্যুর খবরে ক্ষোভ জানালেন স্ত্রী হেমা মেয়ে এশা,https://bangla.thedailystar.net/
আগুনের রাজনীতিতে হারে কেবল মানুষ,https://bangla.thedailystar.net/
নদী পরিবেশ রক্ষায় রাজনৈতিক অঙ্গিকার জরুরি,https://bangla.thedailystar.net/
"স্থানীয় নেতৃত্ব, বৈশ্বিক চ্যালেঞ্জ: জলবায়ু সহনশীলতার অগ্রযাত্রায় ইউনিয়ন পরিষদ",https://bangla.thedailystar.net/
আইফোনে স্যাটেলাইট ফিচার আনার পরিকল্পনা অ্যাপলের,https://bangla.thedailystar.net/
আবারও পেছাল বহুল প্রতীক্ষিত গেম ‘জিটিএ সিক্স’,https://bangla.thedailystar.net/
পাঁচটি সেটিংস বদলালেই ফোন স্মার্ট,https://bangla.thedailystar.net/
ভারতে আসছে ইলন মাস্কের স্টারলিংক,https://bangla.thedailystar.net/
"কৃষি বিশ্ববিদ্যালয়গুলোতে গুচ্ছ ভর্তি পরীক্ষা জানুয়ারি, আবেদনের তারিখ ঘোষণা",https://bangla.thedailystar.net/
ফরেনসিক সায়েন্স সাইবার সিকিউরিটি পোর্টসমাউথ বিশ্ববিদ্যালয়ের জাতীয় বিশ্ববিদ্যালয়,https://bangla.thedailystar.net/
জবি ছাত্র সংসদ নির্বাচন ডিসেম্বর,https://bangla.thedailystar.net/
"সরকারের ঋণ ,,,, টাকা ছাড়াল",https://bangla.thedailystar.net/
সাবেক এমপিদের বিলাসবহুল গাড়ি পরিবহন পুলে হস্তান্তর,https://bangla.thedailystar.net/
জুলাই গণঅভ্যুত্থানের বন্ধ কারখানাগুলো এখনো খোলেনি,https://bangla.thedailystar.net/
রমজানের প্রয়োজনীয় পণ্য আমদানিতে এলসি মার্জিন শিথিল,https://bangla.thedailystar.net/
থাকছে মেয়াদি মিউচুয়াল ফান্ড,https://bangla.thedailystar.net/
বাংলাদেশ ব্র্যান্ড ফোরামের তম কমিউনিকেশন সামিট অনুষ্ঠিত,https://bangla.thedailystar.net/
শ্রম আইন সংশোধনকে কেন্দ্র বির্তক,https://bangla.thedailystar.net/
"আমদানি বিল পরিশোধ, রিজার্ভ কমে . বিলিয়ন ডলার",https://bangla.thedailystar.net/
"লাইসেন্স পেল ‘সম্মিলিত ইসলামী ব্যাংক’, বরাদ্দ টাকা",https://bangla.thedailystar.net/
"পুড়ে করবেন,",https://bangla.thedailystar.net/
সহকর্মীর প্রেমে জড়ানো,https://bangla.thedailystar.net/
টাক মাথায় খুশকি হয়?,https://bangla.thedailystar.net/
হারিয়ে শীতের পিঠাপুলির দিনগুলো,https://bangla.thedailystar.net/
বাংলাদেশে নারী ক্রীড়াবিদরা নিরাপদ পরিবেশ পাবেন?,https://bangla.thedailystar.net/
এলো নাক গলানোর পুরনো সংস্কৃতি?,https://bangla.thedailystar.net/
চ্যাম্পিয়ন্স লিগে জায়ান্টদের লড়াই,https://bangla.thedailystar.net/
তাবিথ আউয়ালের এক বছর: পথের দিশা পেল ফুটবল?,https://bangla.thedailystar.net/
কাবরেরা বাংলাদেশের আদর্শ কোচ?,https://bangla.thedailystar.net/
ঢাকার খাস পুকুর-জলাশয় সংস্কার,https://bangla.thedailystar.net/
"জুড়ি নদীতে ফেলা বর্জ্য, হুমকিতে জীববৈচিত্র্য",https://bangla.thedailystar.net/
"কর্ণফুলী নদীতে সংযুক্ত খাল দূষণ, পোশাক কারখানাকে জরিমানা",https://bangla.thedailystar.net/
অস্ট্রেলিয়ায় শনাক্ত শিংযুক্ত প্রজাতির মৌমাছির নাম ‘লুসিফার’?,https://bangla.thedailystar.net/
"জলবায়ু অর্থায়নেই ঋণফাঁদ, ‘উচ্চ ঝুঁকির’ তালিকায় বাংলাদেশ",https://bangla.thedailystar.net/
শুকিয়ে বরেন্দ্র অঞ্চলের ধানখেত,https://bangla.thedailystar.net/
‘পাহাড় কেটে ভবন হবে’,https://bangla.thedailystar.net/
টানা ঘণ্টা গ্যাস গাজীপুরের যেসব এলাকায়,https://bangla.thedailystar.net/
‘আবার এসো দখিন হাওয়ায়’,https://bangla.thedailystar.net/
প্রাণবন্ত লেখার জাদুকর হুমায়ূন আহমেদ,https://bangla.thedailystar.net/
"‘হুমায়ুন ভাই বলতেন, সাবধানে চালাও, বাংলা সাহিত্যের বড় ক্ষতি হয়ে যাবে’",https://bangla.thedailystar.net/
‘ফ্লেশ’ উপন্যাসের বুকার পুরস্কার জিতলেন ডেভিড সোলোয়,https://bangla.thedailystar.net/
হতাশায় আলোর কবি ফররুখ আহমদ,https://bangla.thedailystar.net/
অধিকার প্রশ্নে সোচ্চার ইলা মিত্র,https://bangla.thedailystar.net/
উপমহাদেশের রাজনীতিতে ট্র্যাজিক নায়ক সোহরাওয়ার্দী,https://bangla.thedailystar.net/
‘যেকোনো শিল্পের স্রষ্টা সমস্যার মুখোমুখি হন’,https://bangla.thedailystar.net/
প্রাণ ফিরছে সাদাপাথরে,https://bangla.thedailystar.net/
লাল শাপলার সাতলা গ্রাম,https://bangla.thedailystar.net/
করাতকলে জীবিকা,https://bangla.thedailystar.net/
রাজশাহীতে অচল সিসিটিভি ক্যামেরা বাড়াচ্ছে নিরাপত্তা শঙ্কা,https://bangla.thedailystar.net/
কারফিউ শিথিলের সময় ঢাকা,https://bangla.thedailystar.net/
হাসনাতকে উপহার পাঠালের রুমিন ফারহানা,https://bangla.dhakatribune.com/
যমুনায় তিন দলের প্রধান উপদেষ্টার জরুরি বৈঠক,https://bangla.dhakatribune.com/
"চবিতে স্থানীয়দের শিক্ষার্থীদের সংঘর্ষ-ইটপাটকেল নিক্ষেপ, সহ-উপাচার্যসহ আহত",https://bangla.dhakatribune.com/
"স্বরাষ্ট্র উপদেষ্টা: অন্তর্বর্তী সরকারের আমলে , সড়ক অবরোধ হয়েছে",https://bangla.dhakatribune.com/
রাকসু কার্যালয়ে ছাত্রদলের নেতা-কর্মীদের তালা-ভাঙচুর,https://bangla.dhakatribune.com/
ফোরজির সর্বনিম্ন গতি এমবিপিএস কার্যকর সেপ্টেম্বর,https://bangla.dhakatribune.com/
গাজীপুরে পোশাক শ্রমিকসহ নারীর ঝুলন্ত মরদেহ উদ্ধার,https://bangla.dhakatribune.com/
ভয়েস অব আমেরিকার সাংবাদিককে ছাঁটাই ট্রাম্প প্রশাসন,https://bangla.dhakatribune.com/
ডাকসু নির্বাচনে জিএস প্রার্থী ফরহাদের প্রার্থিতা চ্যালেঞ্জ রিট,https://bangla.dhakatribune.com/
নুরুল হকের স্বাস্থ্যের খোঁজ নিলেন খালেদা জিয়া,https://bangla.dhakatribune.com/
"চবি এলাকায় শিক্ষার্থী স্থানীয়দের সংঘর্ষে আহত , সেনা মোতা‌য়েন",https://bangla.dhakatribune.com/
ধানমন্ডিতে ফ্যানের ঝুলছিল শিশু গৃহকর্মীর লাশ,https://bangla.dhakatribune.com/
ঢাবিতে ‘সভ্যতা গঠনে ইসলামের ভূমিকা’ শীর্ষক আন্তর্জাতিক সেমিনার অনুষ্ঠিত,https://bangla.dhakatribune.com/
ঢাকাস্থ ইরান সাংস্কৃতিক কেন্দ্রে বইয়ের মোড়ক উন্মোচন,https://bangla.dhakatribune.com/
ডিএমটিসিএল কর্মচারীদের স্বচ্ছ সার্ভিস রুল প্রণয়নের দাবি,https://bangla.dhakatribune.com/
স্ত্রী হত্যা মামলায় স্বামী গ্রেপ্তার,https://bangla.dhakatribune.com/
এআই চ্যাটবটকে যেসব তথ্য দিলে বিপদে পড়তে,https://bangla.dhakatribune.com/
কৃষি বিশ্ববিদ্যালয়ের শিক্ষার্থীদের রেলপথ অবরোধ,https://bangla.dhakatribune.com/
হাসনাতকে উপহার পাঠালের রুমিন ফারহানা,https://bangla.dhakatribune.com/
"স্বরাষ্ট্র উপদেষ্টা: অন্তর্বর্তী সরকারের আমলে , সড়ক অবরোধ হয়েছে",https://bangla.dhakatribune.com/
রাকসু কার্যালয়ে ছাত্রদলের নেতা-কর্মীদের তালা-ভাঙচুর,https://bangla.dhakatribune.com/
"চবিতে স্থানীয়দের শিক্ষার্থীদের সংঘর্ষ-ইটপাটকেল নিক্ষেপ, সহ-উপাচার্যসহ আহত",https://bangla.dhakatribune.com/
স্ত্রী হত্যা মামলায় স্বামী গ্রেপ্তার,https://bangla.dhakatribune.com/
কৃষি বিশ্ববিদ্যালয়ের শিক্ষার্থীদের রেলপথ অবরোধ,https://bangla.dhakatribune.com/
"স্বরাষ্ট্র উপদেষ্টা: অন্তর্বর্তী সরকারের আমলে , সড়ক অবরোধ হয়েছে",https://bangla.dhakatribune.com/
রাকসু কার্যালয়ে ছাত্রদলের নেতা-কর্মীদের তালা-ভাঙচুর,https://bangla.dhakatribune.com/
"চবিতে স্থানীয়দের শিক্ষার্থীদের সংঘর্ষ-ইটপাটকেল নিক্ষেপ, সহ-উপাচার্যসহ আহত",https://bangla.dhakatribune.com/
থাই প্রধানমন্ত্রীর পদ পেতংতার্ন স্থায়ীভাবে বরখাস্ত,https://bangla.dhakatribune.com/
"সিগারেটের আগুন দাবানল, সাইপ্রাসের বর্গকিলোমিটার বনাঞ্চল পুড়ে ছাই",https://bangla.dhakatribune.com/
যুক্তরাষ্ট্রে কমছে বিদেশি শিক্ষার্থী সংবাদকর্মীদের ভিসার মেয়াদ,https://bangla.dhakatribune.com/
গাজায় অনাহারে শিশুসহ মৃত্যু,https://bangla.dhakatribune.com/
"যুক্তরাষ্ট্রে স্কুলে বন্দুক হামলায় শিশু নিহত, আহত",https://bangla.dhakatribune.com/
হাসনাতকে উপহার পাঠালের রুমিন ফারহানা,https://bangla.dhakatribune.com/
নুরুল হকের স্বাস্থ্যের খোঁজ নিলেন খালেদা জিয়া,https://bangla.dhakatribune.com/
ঘণ্টার জাতীয় পার্টিকে নিষিদ্ধের দাবি গণ অধিকার পরিষদের,https://bangla.dhakatribune.com/
জাতীয় পার্টির কেন্দ্রীয় কার্যালয়ে হামলা-ভাঙচুর,https://bangla.dhakatribune.com/
"নুরুল হকের ওপর হামলার ঘটনায় তারেক রহমানের নিন্দা, তদন্তের আহ্বান",https://bangla.dhakatribune.com/
থালাপতি বিজয়ের বিরুদ্ধে মামলা,https://bangla.dhakatribune.com/
শাহরুখ-দীপিকার বিরুদ্ধে থানায় এজাহার,https://bangla.dhakatribune.com/
‘ইত্যাদি’ ভোলার চরফ্যাশনে,https://bangla.dhakatribune.com/
‘বিগ বস’-এর সবচেয়ে কম বয়সী তারকা অ্যাশনূর সম্পর্কে কতটা জানেন,https://bangla.dhakatribune.com/
ভারতকে নিষেধাজ্ঞার কড়া হুঁশিয়ারি ফিফার,https://bangla.dhakatribune.com/
"নেইমারকে ছাড়াই ব্রাজিলের দল ঘোষণা, বাদ পড়লেন ভিনিও",https://bangla.dhakatribune.com/
টি-টোয়েন্টিতে নিজেকে উচ্চতায় গেলেন সাকিব,https://bangla.dhakatribune.com/
নারী বিশ্বকাপের দল ঘোষণা বাংলাদেশের,https://bangla.dhakatribune.com/
নাগালের বাইরে সবজির দাম,https://bangla.dhakatribune.com/
আলুর সর্বনিম্ন দাম বেঁধে দিলো সরকার,https://bangla.dhakatribune.com/
গভর্নর: ‘নগদ’কে বেসরকারি খাতে ছেড়ে,https://bangla.dhakatribune.com/
স্বর্ণের দামে আবারও পরিবর্তন,https://bangla.dhakatribune.com/
"সানস্ক্রিনে আগ্রহ, পিছু টানছে দাম",https://bangla.dhakatribune.com/
গ্রামীণ উৎসবের সোনালি হারিয়েই গেল?,https://bangla.dhakatribune.com/
জেন জি বনাম মিলেনিয়াল লড়াইয়ে কারা এগিয়ে?,https://bangla.dhakatribune.com/
"প্রাইজবন্ড যেখান কিনবেন-ভাঙাবেন, জেনে নিন প্রাইজবন্ডের সুবিধা-অসুবিধা",https://bangla.dhakatribune.com/
এআই চ্যাটবটকে যেসব তথ্য দিলে বিপদে পড়তে,https://bangla.dhakatribune.com/
চার্জে চলবে রিয়েলমির স্মার্টফোন,https://bangla.dhakatribune.com/
ছেলেকে ‘আত্মহত্যায়’ সহায়তার অভিযোগে চ্যাটজিপির বিরুদ্ধে মামলা মা-বাবা,https://bangla.dhakatribune.com/
হোয়াটসঅ্যাপে যুক্ত কল শিডিউল সেবা,https://bangla.dhakatribune.com/
রাজনীতি দুর্নীতি: প্রবাসী সংগঠনগুলো হারাচ্ছে মূল লক্ষ্য?,https://bangla.dhakatribune.com/
বাংলাদেশের সাংস্কৃতিক ফ্যাসিবাদ বিদায় নিয়েছে?,https://bangla.dhakatribune.com/
শুনে মুসলমান-হিন্দু পিছেতে হটায়…,https://bangla.dhakatribune.com/
সংস্কৃতিবান সমাজ জুলাইয়ের সংকল্প,https://bangla.dhakatribune.com/
ঈদে মিলাদুন্নবীর ছুটির তারিখ পরিবর্তন,https://bangla.dhakatribune.com/
ঈদে মিলাদুন্নবি সেপ্টেম্বর,https://bangla.dhakatribune.com/
অনিদ্রার সমস্যা মুক্তি পেতে নারীরা,https://bangla.dhakatribune.com/
কিডনি ভালো রাখতে সহায়ক যেসব পানীয়,https://bangla.dhakatribune.com/
"এইচএসসিতে খাতা চ্যালেঞ্জে জিপিএ- পেলেন জন, ফেল পাস",https://www.banglanews24.com/
"স্বৈরাচারী নই, মারধরের অভিযোগ পুরোপুরি মিথ্যা: জ্যোতি",https://www.banglanews24.com/
বরিশালের নথুল্লাবাদ টার্মিনাল রুটে বাস চলাচল বন্ধ,https://www.banglanews24.com/
"একশ মিটারের টাকার সেতু, আসছে টিও",https://www.banglanews24.com/
"বাংলাদেশি লিবিয়া উপকূলে নৌকাডুবি, চারজনের মৃত্যু",https://www.banglanews24.com/
ফেনীতে জুলাই শহীদ স্মৃতিস্তম্ভে আগুন দিল মাস্ক পরা দুর্বৃত্তরা,https://www.banglanews24.com/
সিলেটে অ্যাম্বুলেন্স বাসে আগুন দিল দুর্বৃত্তরা,https://www.banglanews24.com/
"কবে, ফরম্যাটে ফিরবে তত্ত্বাবধায়ক সরকার",https://www.banglanews24.com/
"অ্যাপে সংগঠিত দুর্বৃত্তরা, থানায় নিরাপত্তা জোরদার",https://www.banglanews24.com/
শেখ হাসিনার রায় ঘিরে মাঠে নামার চেষ্টায় কার্যক্রম নিষিদ্ধ আ.লীগ,https://www.banglanews24.com/
প্রয়োজনের তুলনায় অপ্রতুল ক্যানসার চিকিৎসা,https://www.banglanews24.com/
অংশগ্রহণে ‘ম কারকুমা কাপ গলফ টুর্নামেন্ট’,https://www.banglanews24.com/
ভোটে ব্যাঘাত ঘটানোর শক্তি আ. লীগের,https://www.banglanews24.com/
নির্বাচনেই দেশের ভবিষ্যৎ নির্ধারণ,https://www.banglanews24.com/
টাকার বিনিময়ে বদলি লক্ষ্য দুর্নীতি,https://www.banglanews24.com/
মামুন হত্যাকাণ্ডের স্ত্রীর মামলা,https://www.banglanews24.com/
"টাকার প্রভিশন ঘাটতি পূরণে ইসলামী ব্যাংকের লাগবে বছর, বলছেন বিশেষজ্ঞরা",https://www.tbsnews.net/bangla/
"পীর, ক্রিকেটার গুপ্তচর: পাকিস্তানের ক্ষমতার লড়াইয়ের 'গেম অভ থ্রোনস'",https://www.tbsnews.net/bangla/
"চট্টগ্রামে অবৈধ সিগারেটের বাণিজ্য: বছরে , টাকার রাজস্ব ক্ষতি",https://www.tbsnews.net/bangla/
যুক্তরাজ্যে স্থায়ীভাবে বসবাসের অনুমতির পেতে শরণার্থীদের বছর অপেক্ষা,https://www.tbsnews.net/bangla/
বিবিসির বিরুদ্ধে মামলার হুমকি বিশ্বের সবচেয়ে প্রভাবশালী ব্যক্তির; এরপর কী?,https://www.tbsnews.net/bangla/
সিলেটে গভীর রাতে দাঁড়িয়ে অ্যাম্বুলেন্স বাসে আগুন,https://www.tbsnews.net/bangla/
"'ভেনেজুয়েলা মোটামুটি সিদ্ধান্ত ফেলেছি, এখনই বলব না': ট্রাম্প",https://www.tbsnews.net/bangla/
তাইওয়ান ইস্যুকে কেন্দ্র নাগরিকদের জাপানে ভ্রমণ আহ্বান চীনের,https://www.tbsnews.net/bangla/
"মেক্সিকোয় মেয়রকে জনসমক্ষে হত্যা; জেন-জি’র সহিংসতাবিরোধী বিক্ষোভে আহত শতাধিক, গ্রেপ্তার",https://www.tbsnews.net/bangla/
রাজধানীর ইস্কাটনে ককটেল বিস্ফোরণে আহত,https://www.tbsnews.net/bangla/
"মাদারীপুরে গাছ ফেলে ঢাকা-বরিশাল মহাসড়ক অবরোধ আ. লীগের নেতা-কর্মীদের, ঘণ্টা চলাচল বন্ধ",https://www.tbsnews.net/bangla/
দাবি পূরণের আশ্বাসে বিচারকদের কলম বিরতি কর্মসূচি প্রত্যাহার,https://www.tbsnews.net/bangla/
"‘তুমি গেছ, আছ’ নিয়ান্ডারথালদের শেষ দিন...",https://www.tbsnews.net/bangla/
"বাঘ নয়, তারে এতো ভয়!",https://www.tbsnews.net/bangla/
পেপারব্যাক বিপ্লব প্রচ্ছদশিল্পে কাজী আনোয়ার হোসেন: রঙে আঁকা এক যুগ,https://www.tbsnews.net/bangla/
প্রচ্ছদ: হু ইউ,https://www.tbsnews.net/bangla/
নির্বাচন কমিশন রাজনৈতিক দলগুলোর কথা হলো?,https://www.tbsnews.net/bangla/
ইসি বের দেওয়ার জানাল ইসলামি ঐক্যজোট,https://www.tbsnews.net/bangla/
পবিত্র ঈদুল ফিতরের সম্ভাব্য তারিখ জানাল আরব আমিরাত,https://www.tbsnews.net/bangla/
ঢাকার সুবিধাবঞ্চিত শিশুদের ব্যতিক্রমী স্কুল,https://www.tbsnews.net/bangla/
"টাকার প্রভিশন ঘাটতি পূরণে ইসলামী ব্যাংকের লাগবে বছর, বলছেন বিশেষজ্ঞরা",https://www.tbsnews.net/bangla/
ব্যাংক মার্জার: গ্রাহকরা পুরনো চেকে লেনদেন বর্তমান শাখা টাকা তুলতে পারবেন?,https://www.tbsnews.net/bangla/
যুক্তরাজ্যে স্থায়ীভাবে বসবাসের অনুমতির পেতে শরণার্থীদের বছর অপেক্ষা,https://www.tbsnews.net/bangla/
বিবিসির বিরুদ্ধে মামলার হুমকি বিশ্বের সবচেয়ে প্রভাবশালী ব্যক্তির; এরপর কী?,https://www.tbsnews.net/bangla/
ওয়েস্ট ইন্ডিজের হোয়াইটওয়াশ বাংলাদেশ,https://www.tbsnews.net/bangla/
ড্যানি রেঞ্চ: ‘দ্য কালেক্টিভ’ বেরিয়ে যেভাবে হয়ে উঠলেন অনলাইন দাবার জনপ্রিয়তার অন্যতম পথিকৃৎ,https://www.tbsnews.net/bangla/
‘ফ্লেশ’ উপন্যাসের বুকার জিতলেন ডেভিড সলয়,https://www.tbsnews.net/bangla/
‘রূপবান’: দেশি চলচ্চিত্রের সুপারহিট; দেড় লাখের ছবির আয় লাখ!,https://www.tbsnews.net/bangla/
সুষ্ঠু নির্বাচনের দলের সহযোগিতা চাইলেন সিইসি,https://www.risingbd.com/
যুক্তরাজ্যের অভিবাসন নীতি: স্থায়ী নাগরিকত্বে বছর অপেক্ষা,https://www.risingbd.com/
ঢাকা-বরিশাল মহাসড়কে গাছ ফেলে অবরোধ,https://www.risingbd.com/
"মেক্সিকোতে জেন-জি বিক্ষোভকারীদের পুলিশের সংঘর্ষ, আহত",https://www.risingbd.com/
সিলেটে মধ্যরাতে অ্যাম্বুলেন্স বাসে আগুন,https://www.risingbd.com/
সাতকানিয়ায় রেললাইনে গাছের ডাল ফেলে নাশকতার,https://www.risingbd.com/
লিবিয়ায় নৌকাডুবি: বাংলাদেশির মৃত্যু,https://www.risingbd.com/
গোবিপ্রবির রবি সোমবারের পরীক্ষা স্থগিত,https://www.risingbd.com/
ব্যায়ামের শরীর হালকা লাগে যেসব কারণে,https://www.risingbd.com/
অসম প্রেমের গল্প: বক্স অফিসে কতটা জমেছে অজয়-রাকুলের রসায়ন?,https://www.risingbd.com/
কাসেমিরোর গোলে সেনেগালকে হারালো ব্রাজিল,https://www.risingbd.com/
ময়মনসিংহে দুষ্কৃতকারীদের আগুনে পুড়ল কাভার্ডভ্যান,https://www.risingbd.com/
অদম্য স্পেন বিশ্বকাপের দোরগোড়ায়,https://www.risingbd.com/
"দাউদ ইব্রাহিমের নাম জড়াল নোরার, অভিনেত্রীর কড়া হুঁশিয়ারি",https://www.risingbd.com/
মেডুসা: ঘুমন্ত অবস্থায় মেরে ফেলা হয়েছিলো,https://www.risingbd.com/
সেকেন্ডে ডানা ঝাপটাতে হামিং বার্ড,https://www.risingbd.com/
"আইপিএলে দলে থাকলেন, কারা কোথায় গেলেন",https://www.risingbd.com/
টিভিতে আজকের খেলা,https://www.risingbd.com/
দরজা আটকে ঘরে বসেছিল চোর,https://www.risingbd.com/
শাটডাউন কর্মসূচিঢাকার সড়কে চলাচল স্বাভাবিক,https://www.risingbd.com/
দিনাজপুরে বাড়ছে শীত,https://www.risingbd.com/
নাতি বউকে ধর্ষণের অভিযোগ: বিএনপি নেতাকে জুতাপেটা পুলিশে সোপর্দ,https://www.risingbd.com/
সাভারে দাঁড়িয়ে বাসে আগুন​​​​​​​​​​​​​​​​​​​​​​​​​​​​​​​​​​​​,https://www.risingbd.com/
আমদানির খবরে হিলিতে কমেছে পেঁয়াজের দাম,https://www.risingbd.com/
বিহার বিধানসভা নির্বাচনে বিজেপি জোটের ভূমিধস জয়ের কী?,https://www.risingbd.com/
গাজীপুরে গ্রামীণ ব্যাংকে ‘বোমা’ নিক্ষেপ,https://www.risingbd.com/
সাতকানিয়ায় রেললাইনে গাছের ডাল ফেলে নাশকতার,https://www.risingbd.com/
অসম প্রেমের গল্প: বক্স অফিসে কতটা জমেছে অজয়-রাকুলের রসায়ন?,https://www.risingbd.com/
সাভারে মহাসড়কের পাশে দাঁড়িয়ে বাসে আগুন,https://www.risingbd.com/
সুষ্ঠু নির্বাচনের দলের সহযোগিতা চাইলেন সিইসি,https://www.risingbd.com/
কুমিল্লা বোর্ডে এইচএসসিতে খাতা চ্যালেঞ্জে জিপিএ- পেলেন,https://www.risingbd.com/
অদম্য স্পেন বিশ্বকাপের দোরগোড়ায়,https://www.risingbd.com/
দরজা আটকে ঘরে বসেছিল চোর,https://www.risingbd.com/
শেয়ারহোল্ডারদের লভ্যাংশ দেবে ওয়েস্টার্ন মেরিন শিপইয়ার্ড,https://www.risingbd.com/
যুক্তরাজ্যের অভিবাসন নীতি: স্থায়ী নাগরিকত্বে বছর অপেক্ষা,https://www.risingbd.com/
গোপালগঞ্জে আরো মামলায় আসামি,https://www.risingbd.com/
কাসেমিরোর গোলে সেনেগালকে হারালো ব্রাজিল,https://www.risingbd.com/
শমরিতা হাসপাতালের ক্রেডিট রেটিং নির্ণয়,https://www.risingbd.com/
"দাউদ ইব্রাহিমের নাম জড়াল নোরার, অভিনেত্রীর কড়া হুঁশিয়ারি",https://www.risingbd.com/
গোবিপ্রবির রবি সোমবারের পরীক্ষা স্থগিত,https://www.risingbd.com/
ব্যায়ামের শরীর হালকা লাগে যেসব কারণে,https://www.risingbd.com/
ময়মনসিংহে দুষ্কৃতকারীদের আগুনে পুড়ল কাভার্ডভ্যান,https://www.risingbd.com/
"মেক্সিকোতে জেন-জি বিক্ষোভকারীদের পুলিশের সংঘর্ষ, আহত",https://www.risingbd.com/
ঢাকা-বরিশাল মহাসড়কে গাছ ফেলে অবরোধ,https://www.risingbd.com/
"ভয়াবহ আগুন কলকাতার বড়বাজারে, ঘটনাস্থলে দমকলের ইঞ্জিন",https://www.risingbd.com/
টিভিতে আজকের খেলা,https://www.risingbd.com/
জামালপুর কারা কর্তৃপক্ষের বিরুদ্ধে মুক্তিযোদ্ধা পরিবারের জমি দখলের অভিযোগ,https://www.risingbd.com/
বিএনপি ক্ষমতায় সংসদে আলোচনা কাদিয়ানিদের বিষয়ে সিদ্ধান্ত: সালাহউদ্দিন,https://www.risingbd.com/
বিএনপির স্লোগান ‘অর্থনৈতিক গণতন্ত্রায়ণ’: আমীর খসরু,https://www.risingbd.com/
আশরাফুলের পরিকল্পিতভাবে প্রেমের সম্পর্ক গড়েন কোহিনূর: র‌্যাব,https://www.risingbd.com/
"মেসির গোল, আর্জেন্টিনার জয়",https://www.risingbd.com/
"রাজশাহীতে দুর্ঘটনায় কলেজছাত্রের মৃত্যু, ট্রাকে আগুন",https://www.risingbd.com/
পাবনায় জমি বিরোধে ভাতিজার হাতে ফুফু খুন,https://www.risingbd.com/
পুঁজিবাজারে মূলধন কমেছে টাকা,https://www.risingbd.com/
ডিএসইতে সাপ্তাহিক দাম বাড়ার শীর্ষে আল-আরাফাহ ইসলামী ব্যাংক,https://www.risingbd.com/
সপ্তাহের রাশিফল (- নভেম্বর),https://www.risingbd.com/
পোশাকে পুলিশ,https://www.risingbd.com/
আ.লীগের নিয়মিত পোস্ট দেওয়ায় ইবি শিক্ষার্থীকে থানায় সোর্পদ,https://www.risingbd.com/
অল্প কয়েকটি উপকরণ দিয়ে বানিয়ে নিন ফুলকপির চপ,https://www.risingbd.com/
ব্যায়ামের শরীর হালকা লাগে যেসব কারণে,https://www.risingbd.com/
অল্প কয়েকটি উপকরণ দিয়ে বানিয়ে নিন ফুলকপির চপ,https://www.risingbd.com/
শীতে চুল ‘ডিপ কন্ডিশনিং’ উপায়,https://www.risingbd.com/
শীতের লিপস্টিক কেমন হওয়া,https://www.risingbd.com/
উদ্বেগ কমাতে ‘ ’ কৌশল প্রয়োগ দেখুন,https://www.risingbd.com/
শীতে ত্বকের যত্নে নিয়ম মেনে চলতে,https://www.risingbd.com/
‘মাশরুম’ ওজন নিয়ন্ত্রণ পারে?,https://www.risingbd.com/
বিকেলের নাস্তায় থাকুক ‘মিষ্টি কুমড়ার স্যুপ’,https://www.risingbd.com/
শেয়ারহোল্ডারদের লভ্যাংশ দেবে ওয়েস্টার্ন মেরিন শিপইয়ার্ড,https://www.risingbd.com/
শমরিতা হাসপাতালের ক্রেডিট রেটিং নির্ণয়,https://www.risingbd.com/
ইন্দো-বাংলা ফার্মাসিউটিক্যালসের লভ্যাংশ ঘোষণা,https://www.risingbd.com/
বেক্সিমকো সিকিউরিটিজের সনদ নবায়ন বাতিল,https://www.risingbd.com/
প্রতিষ্ঠানের নেগেটিভ ইক্যুইটি লস প্রভিশনিংয়ের সময় বৃদ্ধি,https://www.risingbd.com/
ডিএসইতে সাপ্তাহিক দাম কমার শীর্ষে প্রগতি লাইফ ইন্স্যুরেন্স,https://www.risingbd.com/
সুষ্ঠু নির্বাচনের দলের সহযোগিতা চাইলেন সিইসি,https://www.risingbd.com/
দল গণভোট ক্যাম্পেইন করছে: আখতার,https://www.risingbd.com/
সেকেন্ডে ডানা ঝাপটাতে হামিং বার্ড,https://www.risingbd.com/
পৃথিবীতে বসবাসকারী মানুষ পিঁপড়ার ওজন সমান!,https://www.risingbd.com/
দ্রুত সমস্যা সমাধান পাখি,https://www.risingbd.com/
শীতকাল এলেই ‘স্নো ফেইরি’ হয়ে যায় বরফের বলের,https://www.risingbd.com/
পাখি দিনের টায়,https://www.risingbd.com/
‘ঝামেলার শেষ নেই’ দিবস,https://www.risingbd.com/
বিহার বিধানসভা নির্বাচনে বিজেপি জোটের ভূমিধস জয়ের কী?,https://www.risingbd.com/
শেয়ারহোল্ডারদের লভ্যাংশ দেবে ওয়েস্টার্ন মেরিন শিপইয়ার্ড,https://www.risingbd.com/
গাজীপুরে গ্রামীণ ব্যাংকে ‘বোমা’ নিক্ষেপ,https://www.risingbd.com/
সাতকানিয়ায় রেললাইনে গাছের ডাল ফেলে নাশকতার,https://www.risingbd.com/
সাভারে মহাসড়কের পাশে দাঁড়িয়ে বাসে আগুন,https://www.risingbd.com/
কুমিল্লা বোর্ডে এইচএসসিতে খাতা চ্যালেঞ্জে জিপিএ- পেলেন,https://www.risingbd.com/
দরজা আটকে ঘরে বসেছিল চোর,https://www.risingbd.com/
গোপালগঞ্জে আরো মামলায় আসামি,https://www.risingbd.com/
অদম্য স্পেন বিশ্বকাপের দোরগোড়ায়,https://www.risingbd.com/
কাসেমিরোর গোলে সেনেগালকে হারালো ব্রাজিল,https://www.risingbd.com/
টিভিতে আজকের খেলা,https://www.risingbd.com/
"আইপিএলে দলে থাকলেন, কারা কোথায় গেলেন",https://www.risingbd.com/
"ইডেনে স্পিন বিষ, উইকেটের দিনে উড়ছে ভারত",https://www.risingbd.com/
অসম প্রেমের গল্প: বক্স অফিসে কতটা জমেছে অজয়-রাকুলের রসায়ন?,https://www.risingbd.com/
"দাউদ ইব্রাহিমের নাম জড়াল নোরার, অভিনেত্রীর কড়া হুঁশিয়ারি",https://www.risingbd.com/
পারভেজের কথায় ‘বিজয় নেবে ধানের শীষ’,https://www.risingbd.com/
তারকাবহুল পাঁচ সিনেমার বক্স অফিসে ভরাডুবি,https://www.risingbd.com/
অমিতাভ রেজার বিয়ে,https://www.risingbd.com/
শাকিবের নায়িকা পাকিস্তানের হানিয়া,https://www.risingbd.com/
পরিচয়ে জিতের স্ত্রী,https://www.risingbd.com/
"ব্রিটেনের রাজাকে চুমু, পদ্মিনীকে কতটা জানেন?",https://www.risingbd.com/
"ক্রিকেটারের প্রেম, গোপনে পাইলটকে নায়িকার বিয়ে!",https://www.risingbd.com/
জনপ্রিয়তা-বিতর্ক কাঁধে নীলনয়নার উনিশ,https://www.risingbd.com/
রাজেশ খান্নার নাতনিকে কতটা চেনেন?,https://www.risingbd.com/
কানতারা টু: ‘রাজকন্যা কঙ্কাবতী’ রুক্মিণীকে কতটা জানেন?,https://www.risingbd.com/
শাহরুখপুত্রের হাত নায়িকার ভাগ্যবদল,https://www.risingbd.com/
পোশাকে পুলিশ,https://www.risingbd.com/
সার্চ দুনিয়ার দিগন্ত ‘জিইও’: দেশের ব্যবসা প্রতিষ্ঠানগুলো প্রস্তুত?,https://www.risingbd.com/
শরৎ-রহস্য,https://www.risingbd.com/
পোখরার দিন-রাত,https://www.risingbd.com/
"জুলাই সনদ মতপার্থক্য, ‘সরকার প্রস্তুত সিদ্ধান্তে’",https://www.risingbd.com/
রাজনীতিতে সমীকরণএনসিপির নেতৃত্বে ‘মধ্যপন্থী’ জোট,https://www.risingbd.com/
এনসিপির টার্গেট দেড়শ আসন?,https://www.risingbd.com/
দ্বিতীয় পর্ব অ্যানথ্রাক্স প্রতিরোধে সরকার,https://www.risingbd.com/
জুলাই সনদ: গণভোট নির্ধারণে কমিশনের বল সরকারের কোর্টে,https://www.risingbd.com/
জুলাই সনদ বাস্তবায়ন : বিএনপি-জামায়াতের বিপরীত মেরুতে অবস্থান,https://www.risingbd.com/
মেডুসা: ঘুমন্ত অবস্থায় মেরে ফেলা হয়েছিলো,https://www.risingbd.com/
অতিরিক্ত পালং শাক খেলে যেসব ক্ষতি,https://www.risingbd.com/
গোবিপ্রবির রবি সোমবারের পরীক্ষা স্থগিত,https://www.risingbd.com/
"ট্যাক্সি চালিয়ে গড়েছেন শিক্ষাপ্রতিষ্ঠান, নিউইয়র্কে সংবর্ধিত মোশারফ",https://www.risingbd.com/
সুপারির দাম টাকা,https://www.risingbd.com/
কেঁচোর জাদুতে গেলো কামরুজ্জামানের ভাগ্য,https://www.risingbd.com/
"কুষ্টিয়ার সাইফুল মাশরুম চাষে সফল, দিয়েছেন প্রশিক্ষণ",https://www.risingbd.com/
বছর বৃক্ষ রোপণ চা শ্রমিক বিষ্ণু,https://www.risingbd.com/
‍‍ছাগল পালনে সাবলম্বী তৃতীয় লিঙ্গের ‍শিলা,https://www.risingbd.com/
তামাক চাষ ছেড়ে পেঁপেতে বাজিমাত,https://www.risingbd.com/
এইচএসসির খাতা পুনঃনিরীক্ষণের ফল প্রকাশ,https://www.dhakapost.com/
ইতিহাসের অমূল্য স্মারক বগুড়ার খেরুয়া মসজিদ,https://www.dhakapost.com/
"ইব্রাহিমি মসজিদ বন্ধ দিলো ইসরায়েল, ফিলিস্তিনিদের ওপর কারফিউ",https://www.dhakapost.com/
চীনে বছরের সবচেয়ে বড় স্বর্ণের খনির সন্ধান,https://www.dhakapost.com/
"ঢাকার বাতাস আজও ‘অস্বাস্থ্যকর’, দূষণে শীর্ষে দিল্লি",https://www.dhakapost.com/
আবু সাঈদ হত্যা : সাবেক ভিসিসহ বিরুদ্ধে তম দিনের সাক্ষ্য,https://www.dhakapost.com/
নৌপরিবহন অধিদপ্তরের পক্ষপাতমূলক আচরণ বন্ধসহ দাবি,https://www.dhakapost.com/
"নিউ ইস্কাটন রোডে ককটেল বিস্ফোরণ, পথচারী আহত",https://www.dhakapost.com/
"জলবায়ু অর্থায়ন দরকষাকষির বিষয় নয়, টিকে থাকার প্রশ্ন : ফরিদা আখতার",https://www.dhakapost.com/
"ঢাকার সকালের তাপমাত্রা . ডিগ্রি, আকাশ আংশিক মেঘলা",https://www.dhakapost.com/
"লিবিয়া উপকূলে বাংলাদেশিকে নৌকাডুবি, মৃত্যু",https://www.dhakapost.com/
সুষ্ঠু অংশগ্রহণমূলক ভোট দলগুলোর সহযোগিতা চাইলেন সিইসি,https://www.dhakapost.com/
মতামত,https://www.dhakapost.com/
শিশুর মনন গঠনে দেশে পড়ানো হয়?,https://www.dhakapost.com/
মতামত,https://www.dhakapost.com/
শিশুর মনন গঠনে দেশে পড়ানো হয়?,https://www.dhakapost.com/
জাতীয়,https://www.dhakapost.com/
শেখ হাসিনার রায় সরাসরি দেখবে বিশ্ব,https://www.dhakapost.com/
স্থগিত হওয়া সকল পদে ফিরলেন বিএনপি নেতা মাসুদ তালুকদার,https://www.bd-pratidin.com/
দলের সংলাপে ইসি,https://www.bd-pratidin.com/
সিলেটে অ্যাম্বুলেন্স বাসে আগুন,https://www.bd-pratidin.com/
চীনা বিনিয়োগে বৈশ্বিক রপ্তানিকেন্দ্র হওয়ার বিশাল সম্ভাবনা বাংলাদেশের,https://www.bd-pratidin.com/
প্রবাসীরা প্রথমবারের মতো পদ্ধতিতে ভোট দেবেন,https://www.bd-pratidin.com/
"বাংলাদেশি লিবিয়া উপকূলে নৌকাডুবি, চারজনের মৃত্যু",https://www.bd-pratidin.com/
অনিয়মের প্রমাণ পায়নি বিসিবি,https://www.bd-pratidin.com/
রাশিয়ার তেল শোধনাগারে হামলার দাবি ইউক্রেনের,https://www.bd-pratidin.com/
আবু সাঈদ হত্যা: সাবেক ভিসিসহ বিরুদ্ধে সাক্ষ্য,https://www.bd-pratidin.com/
বিহারের বিধায়কদের শতাংশই কোটিপতি,https://www.bd-pratidin.com/
গাজায় ভারী বৃষ্টি: বিপর্যস্ত ক্যাম্প বাসিন্দাদের তাঁবু সঙ্কট,https://www.bd-pratidin.com/
মাদারীপুরে গাছ ফেলে সড়ক অবরোধ,https://www.bd-pratidin.com/
ঢাকা বোর্ডে পুনর্নিরীক্ষায় জিপিএ– পেল শিক্ষার্থী,https://www.bd-pratidin.com/
হাজারীবাগ বেড়িবাঁধে দাঁড়িয়ে বাসে আগুন,https://www.bd-pratidin.com/
আগারগাঁওয়ে ককটেল বিস্ফোরণ,https://www.bd-pratidin.com/
বিমানবন্দর রেলস্টেশনে ককটেল বিস্ফোরণ,https://www.bd-pratidin.com/
সহিংসতার বিরুদ্ধে ক্ষোভ: জেন-জি আন্দোলনে উত্তপ্ত মেক্সিকো,https://www.bd-pratidin.com/
"আইপিএলে দলে, দেখুন পূর্ণাঙ্গ স্কোয়াড",https://www.bd-pratidin.com/
"'দাউদের মাদক পার্টিতে নোরা', পুলিশের নজরে অভিনেত্রী",https://www.bd-pratidin.com/
মিস ইউনিভার্স মঞ্চের কঠিন বাস্তবতার কথা জানালেন বাংলাদেশের মিথিলা,https://www.bd-pratidin.com/
ফিলিস্তিনির মরদেহ হস্তান্তর করলো ইসরায়েল,https://www.bd-pratidin.com/
"মেক্সিকোতে জেন-জির বিক্ষোভ, পুলিশের সংঘর্ষে আহত",https://www.bd-pratidin.com/
গাজা-মধ্যপ্রাচ্য পুতিন-নেতানিয়াহু ফোনালাপ,https://www.bd-pratidin.com/
"‘যে দলের প্রধান পালিয়ে গেছে, কথায় বিভ্রান্ত হওয়ার নাই’",https://www.bd-pratidin.com/
"‘যে দলের প্রধান পালিয়ে গেছে, কথায় বিভ্রান্ত হওয়ার নাই’",https://www.bd-pratidin.com/
ভোট দেওয়ার দেশের মানুষ মুখিয়ে আছে: মোশারফ হোসেন,https://www.bd-pratidin.com/
ধর্মকে রাজনীতিতে আনবেন না: ডা. জাহিদ,https://www.bd-pratidin.com/
আমেরিকা গম মোংলা বন্দরে এমভি উইকোটাটি,https://www.bd-pratidin.com/
কাদের সিদ্দিকীকে আদালতে হাজিরা লতিফ সিদ্দিকী,https://www.bd-pratidin.com/
জুলাই শহীদদের পরিচয় শনাক্তে আন্তর্জাতিক ফরেনসিক টিম আসছে ডিসেম্বর,https://www.bd-pratidin.com/
শেখ হাসিনার রায় সরাসরি সম্প্রচার বিটিভি,https://www.bd-pratidin.com/
ঠাকুরগাঁওয়ে সাঁওতাল জনগোষ্ঠীর জীবনমান উন্নয়নে শুভসংঘের উদ্যোগে আলোচনা সভা,https://www.bd-pratidin.com/
রাজধানীতে নিষিদ্ধ আওয়ামী লীগের নেতাকর্মী গ্রেফতার,https://www.bd-pratidin.com/
পাঁচ ব্যাংক একীভূতকরণের বিকল্প : গভর্নর,https://www.bd-pratidin.com/
অনিয়মের প্রমাণ পায়নি বিসিবি,https://www.bd-pratidin.com/
শ্রীপুরে গ্রামীণ ব্যাংকে পেট্রোল বোমা নিক্ষেপ,https://www.bd-pratidin.com/
‘এভাবে এগোতে থাকলে ব্যালন ডি’অরের আলোচনায় নিশ্চিতভাবেই থাকব’,https://www.bd-pratidin.com/
গোপালগঞ্জের বোড়াশীতে বিএনপির কর্মী সমাবেশ,https://www.bd-pratidin.com/
রাশিয়ার তেল শোধনাগারে হামলার দাবি ইউক্রেনের,https://www.bd-pratidin.com/
আবু সাঈদ হত্যা: সাবেক ভিসিসহ বিরুদ্ধে সাক্ষ্য,https://www.bd-pratidin.com/
বিহারের বিধায়কদের শতাংশই কোটিপতি,https://www.bd-pratidin.com/
লেভেল প্লেয়িং ফিল্ড নিশ্চিত চায় কমিশন : সিইসি,https://www.bd-pratidin.com/
এমবাপ্পেকে ছাড়াই রাতে মাঠে নামছে ফ্রান্স,https://www.bd-pratidin.com/
গাজায় ভারী বৃষ্টি: বিপর্যস্ত ক্যাম্প বাসিন্দাদের তাঁবু সঙ্কট,https://www.bd-pratidin.com/
নিউ ইস্কাটন রোডে ফ্লাইওভার ছোড়া ককটেলে পথচারী আহত,https://www.bd-pratidin.com/
মাদারীপুরে গাছ ফেলে সড়ক অবরোধ,https://www.bd-pratidin.com/
মাদ্রাসা শিক্ষা বোর্ড : খাতা চ্যালেঞ্জে ফেল পাস শিক্ষার্থী,https://www.bd-pratidin.com/
ফিলিস্তিনির মরদেহ হস্তান্তর করলো ইসরায়েল,https://www.bd-pratidin.com/
এলিভেটেড এক্সপ্রেসওয়ের নিচে সবুজায়ন উদ্যোগ,https://www.bd-pratidin.com/
দলের সংলাপে ইসি,https://www.bd-pratidin.com/
"মেক্সিকোতে জেন-জির বিক্ষোভ, পুলিশের সংঘর্ষে আহত",https://www.bd-pratidin.com/
"আইপিএলে দলে, দেখুন পূর্ণাঙ্গ স্কোয়াড",https://www.bd-pratidin.com/
ঢাকা বোর্ডে পুনর্নিরীক্ষায় জিপিএ– পেল শিক্ষার্থী,https://www.bd-pratidin.com/
বিদায়ী জেলা প্রশাসককে সংবর্ধনা দিল ব্রাহ্মণবাড়িয়া প্রেসক্লাব,https://www.bd-pratidin.com/
সিডনিতে খতমে হিফজুল কুরআন আলিমিয়্যাহ গ্র্যাজুয়েশন অনুষ্ঠান,https://www.bd-pratidin.com/
"চোখ বন্ধ, হাসি নেই: এক ক্লিকেই গুগল ফটোস",https://www.bd-pratidin.com/
গাজা-মধ্যপ্রাচ্য পুতিন-নেতানিয়াহু ফোনালাপ,https://www.bd-pratidin.com/
জুলাই শহীদদের পরিচয় শনাক্তে আন্তর্জাতিক ফরেনসিক টিম আসছে ডিসেম্বর,https://www.bd-pratidin.com/
শেখ হাসিনার রায় সরাসরি সম্প্রচার বিটিভি,https://www.bd-pratidin.com/
আবু সাঈদ হত্যা: সাবেক ভিসিসহ বিরুদ্ধে সাক্ষ্য,https://www.bd-pratidin.com/
লেভেল প্লেয়িং ফিল্ড নিশ্চিত চায় কমিশন : সিইসি,https://www.bd-pratidin.com/
"ঢাকার বাতাস আজও ‘অস্বাস্থ্যকর’, শীর্ষে দিল্লি",https://www.bd-pratidin.com/
রাজনীতি আগের চলবে না: আমীর খসরু,https://www.bd-pratidin.com/
‘‌বিএনপি ক্ষমতায় নারীদের প্রতিষ্ঠিত উদ্যোগ হবে’,https://www.bd-pratidin.com/
রাজনীতিতে ফ্যাসিবাদ প্রত্যাবর্তনের ষড়যন্ত্র নস্যাৎ : মামুনুল হক,https://www.bd-pratidin.com/
গারোদের সাংস্কৃতিক কর্মকাণ্ড দেশকে সমৃদ্ধ বৈচিত্র্যময় : প্রিন্স,https://www.bd-pratidin.com/
"গণভোটে ‘না’ বলার সুযোগ কোথায়, প্রশ্ন রিজভীর",https://www.bd-pratidin.com/
ক্ষমতায় পদ্মা-তিস্তার পানি বণ্টন ইস্যুতে গুরুত্ব দেবে বিএনপি: মির্জা ফখরুল,https://www.bd-pratidin.com/
মিস ইউনিভার্স মঞ্চের কঠিন বাস্তবতার কথা জানালেন বাংলাদেশের মিথিলা,https://www.bd-pratidin.com/
"'দাউদের মাদক পার্টিতে নোরা', পুলিশের নজরে অভিনেত্রী",https://www.bd-pratidin.com/
সবাই ছেড়ে যাচ্ছে: অমিতাভ বচ্চন,https://www.bd-pratidin.com/
ফুয়াদের সুরে কনার গান,https://www.bd-pratidin.com/
কাভিশ ব্যান্ডের এক মঞ্চে শিরোনামহীন-মেঘদল,https://www.bd-pratidin.com/
"ছবি বাদ, তবুও অবস্থানে অটল দীপিকা",https://www.bd-pratidin.com/
রাজস্থানে শুটিং চলাকালীন অল্পের প্রাণে বেঁচেছিলেন বিবেক,https://www.bd-pratidin.com/
বিহারের বিধায়কদের শতাংশই কোটিপতি,https://www.bd-pratidin.com/
গাজায় ভারী বৃষ্টি: বিপর্যস্ত ক্যাম্প বাসিন্দাদের তাঁবু সঙ্কট,https://www.bd-pratidin.com/
ফিলিস্তিনির মরদেহ হস্তান্তর করলো ইসরায়েল,https://www.bd-pratidin.com/
"মেক্সিকোতে জেন-জির বিক্ষোভ, পুলিশের সংঘর্ষে আহত",https://www.bd-pratidin.com/
গাজা-মধ্যপ্রাচ্য পুতিন-নেতানিয়াহু ফোনালাপ,https://www.bd-pratidin.com/
আন্তর্জাতিক সহনশীলতা দিবস,https://www.bd-pratidin.com/
"গাজাকে বিভক্ত পরিকল্পনা, পুনর্গঠন নিরাপত্তা শঙ্কা",https://www.bd-pratidin.com/
"বাংলাদেশি লিবিয়া উপকূলে নৌকাডুবি, চারজনের মৃত্যু",https://www.bd-pratidin.com/
চীনা নাগরিকদের জাপান ভ্রমণ আহ্বান,https://www.bd-pratidin.com/
সহিংসতার বিরুদ্ধে ক্ষোভ: জেন-জি আন্দোলনে উত্তপ্ত মেক্সিকো,https://www.bd-pratidin.com/
পশ্চিমতীরের ইব্রাহিমি মসজিদ বন্ধ দিল ইসরায়েল,https://www.bd-pratidin.com/
"ঘণ্টায় ডেঙ্গুতে মৃত্যু, হাসপাতালে",https://www.bd-pratidin.com/
ঘণ্টায় ডেঙ্গুতে আক্রান্ত হয়ে হাসপাতালে ভর্তি,https://www.bd-pratidin.com/
"ঘণ্টায় ডেঙ্গুতে তিনজনের মৃত্যু, হাসপাতালে",https://www.bd-pratidin.com/
রামেক হাসপাতালে ডেঙ্গুতে শিশুর মৃত্যু,https://www.bd-pratidin.com/
আজকের ভাগ্যচক্র,https://www.bd-pratidin.com/
রাজধানীতে নিষিদ্ধ আওয়ামী লীগের নেতাকর্মী গ্রেফতার,https://www.bd-pratidin.com/
নিউ ইস্কাটন রোডে ফ্লাইওভার ছোড়া ককটেলে পথচারী আহত,https://www.bd-pratidin.com/
এলিভেটেড এক্সপ্রেসওয়ের নিচে সবুজায়ন উদ্যোগ,https://www.bd-pratidin.com/
রাজধানীতে অভিযানে নিষিদ্ধ যুবলীগের নেতাকর্মী গ্রেফতার,https://www.bd-pratidin.com/
সোভিয়েত যুগের রাশিয়া আবারও বিশ্বে প্রভাববলয় গড়ে তুলছে,https://www.bd-pratidin.com/
সুষ্ঠু নির্বাচনে সেনাবাহিনীই ভরসা,https://www.bd-pratidin.com/
নির্বাচন সংশয়ের অবসান,https://www.bd-pratidin.com/
শ্রীপুরে গ্রামীণ ব্যাংকে পেট্রোল বোমা নিক্ষেপ,https://www.bd-pratidin.com/
মাদারীপুরে গাছ ফেলে সড়ক অবরোধ,https://www.bd-pratidin.com/
বিদায়ী জেলা প্রশাসককে সংবর্ধনা দিল ব্রাহ্মণবাড়িয়া প্রেসক্লাব,https://www.bd-pratidin.com/
নোয়াখালী- আসনে প্রার্থীর জেলা বিএনপির নির্বাচনী সমাবেশ,https://www.bd-pratidin.com/
মাওয়া এক্সপ্রেসওয়েতে পৃথক দুর্ঘটনায় পথচারীর মৃত্যু,https://www.bd-pratidin.com/
মুন্সীগঞ্জে কুইজ প্রতিযোগিতা অনুষ্ঠিত,https://www.bd-pratidin.com/
"আজকের নামাজের সময়সূচি, নভেম্বর",https://www.bd-pratidin.com/
প্রতিবন্ধী সন্তানের আচরণ কেমন হওয়া,https://www.bd-pratidin.com/
যেসব পরস্পরকে সহযোগিতা আবশ্যক,https://www.bd-pratidin.com/
প্রাচীন মিসরীয় সভ্যতার দিক,https://www.bd-pratidin.com/
‘এভাবে এগোতে থাকলে ব্যালন ডি’অরের আলোচনায় নিশ্চিতভাবেই থাকব’,https://www.bd-pratidin.com/
এমবাপ্পেকে ছাড়াই রাতে মাঠে নামছে ফ্রান্স,https://www.bd-pratidin.com/
"আইপিএলে দলে, দেখুন পূর্ণাঙ্গ স্কোয়াড",https://www.bd-pratidin.com/
বিশ্বকাপের ‘মাস্টার প্ল্যান’ জানালেন ব্রাজিল কোচ,https://www.bd-pratidin.com/
অ্যাশেজের টেস্টে উডকে শঙ্কা,https://www.bd-pratidin.com/
চোটে ইডেন টেস্ট ছিটকে গেলেন শুভমান গিল,https://www.bd-pratidin.com/
চেন্নাইয়ে অধিনায়কত্ব পাচ্ছেন স্যামসন,https://www.bd-pratidin.com/
কাতারের ক্লাব আল সাদে মানচিনি,https://www.bd-pratidin.com/
‘আমি অতিরিক্ত না’,https://www.bd-pratidin.com/
চীনা বিনিয়োগে বৈশ্বিক রপ্তানিকেন্দ্র হওয়ার বিশাল সম্ভাবনা বাংলাদেশের,https://www.bd-pratidin.com/
দেশের বাজারে কমেছে স্বর্ণের দাম,https://www.bd-pratidin.com/
অনিশ্চয়তার ছায়ায় টালমাটাল অর্থনীতি,https://www.bd-pratidin.com/
স্বর্ণের দাম কমেছে,https://www.bd-pratidin.com/
যুক্তরাষ্ট্র গম মোংলা বন্দরে জাহাজ,https://www.bd-pratidin.com/
ঠাকুরগাঁওয়ে সাঁওতাল জনগোষ্ঠীর জীবনমান উন্নয়নে শুভসংঘের উদ্যোগে আলোচনা সভা,https://www.bd-pratidin.com/
বোরহানউদ্দিনে বসুন্ধরা শুভসংঘের সেলাই মেশিন পেলেন অস্বচ্ছল নারী,https://www.bd-pratidin.com/
বান্দরবানে বসুন্ধরা শুভসংঘের উদ্যোগে প্রাণবন্ত সাহিত্য বিষয়ক পাঠচক্র,https://www.bd-pratidin.com/
দামুড়হুদায় নিপা ভাইরাস প্রতিরোধে আলোচনা সভা,https://www.bd-pratidin.com/
ফুলবাড়ী বসুন্ধরা শুভসংঘের উদ্যোগে শিক্ষাসামগ্রী বিতরণ,https://www.bd-pratidin.com/
সিডনিতে খতমে হিফজুল কুরআন আলিমিয়্যাহ গ্র্যাজুয়েশন অনুষ্ঠান,https://www.bd-pratidin.com/
প্রবাসীরা প্রথমবারের মতো পদ্ধতিতে ভোট দেবেন,https://www.bd-pratidin.com/
কানাডার মন্ট্রিয়েল মাতালেন কুমার শানু সাদনা সারগাম,https://www.bd-pratidin.com/
নিউইয়র্কে নদীতে ঝাঁপ তরুণীকে বাঁচানো তিন পুলিশ অফিসারের একজন বাংলাদেশি,https://www.bd-pratidin.com/
মধ্যরাতে আকাশ রাঙাবে লিওনিড উল্কাবৃষ্টি,https://www.bd-pratidin.com/
মঙ্গলের উদ্দেশ্যে রকেট উৎক্ষেপণ অ্যামাজনের প্রতিষ্ঠাতা,https://www.bd-pratidin.com/
পৃথিবীর ‘হাই রিস্ক জোন’ উঠে এলো গবেষণায়,https://www.bd-pratidin.com/
সিলেটে বিপুল পরিমাণ মাদক ধ্বংস,https://www.bd-pratidin.com/
বিশ্বনাথে বিনামূল্যে চিকিৎসাসেবা পেলেন সহস্রাধিক মানুষ,https://www.bd-pratidin.com/
টানা ঘণ্টা বিদ্যুৎ যেসব এলাকায়,https://www.bd-pratidin.com/
শনিবার সিলেটের যেসব এলাকায় ঘণ্টা বিদ্যুৎ,https://www.bd-pratidin.com/
প্রেমিকাকে ভিডিও কলে এমসি কলেজ শিক্ষার্থীর আত্মহত্যা,https://www.bd-pratidin.com/
সিলেটকে চোখ রাঙাচ্ছে ডেঙ্গু,https://www.bd-pratidin.com/
সিলেটে প্রভাব লকডাউনের,https://www.bd-pratidin.com/
নির্বাচন বানচাল দেশ ভয়াবহ বিপর্যয়ের মুখে পড়বে,https://www.bd-pratidin.com/
ডেঙ্গু চিকুনগুনিয়া প্রতিরোধে চসিকের ক্রাশ প্রোগ্রাম,https://www.bd-pratidin.com/
চট্টগ্রামে আকাশ হত্যায় তিনজন গ্রেপ্তার,https://www.bd-pratidin.com/
থানচির নাফাখুমে পর্যটক নিখোঁজ,https://www.bd-pratidin.com/
মোটরসাইকেলের ধাক্কায় প্রাণ মাদ্রাসা শিক্ষার্থীর,https://www.bd-pratidin.com/
মাইজভান্ডারী তরিকার মূল শিক্ষা মানবকল্যাণ : কাদের গনি,https://www.bd-pratidin.com/
"নভেম্বর হাসিনার রায় ধরণের চ্যালেঞ্জ নেই, জানালেন স্বরাষ্ট্র উপদেষ্টা",https://www.bd-pratidin.com/
"রাতের আধারে জুলাই স্মৃতিস্তম্ভে আ'গু'ন, পুলিশ সদস্য ক্লোজড",https://www.bd-pratidin.com/
বিএনপি নেতা সালাহউদ্দিনের বক্তব্যের সময় মঞ্চের তেড়ে গেলেন একজন | খতমে নবুওয়ত সম্মেলনে,https://www.bd-pratidin.com/
"আশরাফুল হত্যায় ব্যবহৃত তার, স্কচটেপ উদ্ধার করলো র‍্যাব",https://www.bd-pratidin.com/
‘নির্বাচন হওয়ার পক্ষের রাজনৈতিক শক্তি সময়ের চেয়ে বলিষ্ঠ’: দেবপ্রিয় ভট্টাচার্য,https://www.bd-pratidin.com/
"হাসিনা দিনই সত্য কথা বলেননি, বিএনপি নেতা রিজভী",https://www.bd-pratidin.com/
