Title,Source
নিউ ইস্কাটন রোডে ককটেল বিস্ফোরণে পথচারী আহত,https://www.prothomalo.com/
ব্যাংকে ‘পরিবারতন্ত্রে’র লাগাম টানছে সরকার,https://www.prothomalo.com/
পবিত্র ঈদুল ফিতরের সম্ভাব্য তারিখ জানাল আরব আমিরাত,https://www.prothomalo.com/
মানুষের কেন দুবার দাঁত ওঠে,https://www.prothomalo.com/
লাল কার্ড ও হলুদ কার্ড দেখায় কে এগিয়ে—মেসি না রোনালদো,https://www.prothomalo.com/
"যুক্তরাষ্ট্র হামলা চালালে ভেনেজুয়েলার কি ঠেকানোর ক্ষমতা আছে, কী প্রস্তুতি নিচ্ছে তারা",https://www.prothomalo.com/
মতামত পাকিস্তানের সঙ্গে ট্রাম্পের আঁতাত কেন বিপজ্জনক,https://www.prothomalo.com/
মতামত সরকারি পে স্কেলে এই সব সংস্কার কেন হবে না,https://www.prothomalo.com/
প্রতিষ্ঠাবার্ষিকীর লেখা গোলপোস্টের সামনে এক পাহাড়ি প্রাচীর,https://www.prothomalo.com/
দিনাজপুরের ৬ আসন খালেদা জিয়ার মনোনয়নে সদর আসনে এককাট্টা বিএনপি,https://www.prothomalo.com/
প্রতিষ্ঠাবার্ষিকীর প্রীতিসমাবেশ আলোর পথে সাহসিকতার সঙ্গে এগিয়ে যাবে প্রথম আলো,https://www.prothomalo.com/
ত্রিশালের যে মহিষের দই পৌঁছেছে রাষ্ট্রপতি–মন্ত্রীর বাড়িতেও,https://www.prothomalo.com/
"সাভারে রাতে দাঁড়িয়ে থাকা বাসে অগ্নিকাণ্ড, তাপে ঘুম ভেঙে গেল চালকের",https://www.prothomalo.com/
ভারত-পাকিস্তান কি আবার সংঘাতে জড়াচ্ছে,https://www.prothomalo.com/
"কপ৩০ ‘আমাজনকে মুক্ত করুন’ স্লোগান, হাজারো মানুষের বিক্ষোভ",https://www.prothomalo.com/
"সপ্তাহের প্রথম কর্মদিবসের সকালে রাজধানীর বায়ুর মান কেমন, দেখে নিন",https://www.prothomalo.com/
"যে বিল বর্ষায় মাছে সেরা, বাকি সময় ধানে",https://www.prothomalo.com/
সেনেগালকে হারিয়ে ব্রাজিলের প্রতিশোধ,https://www.prothomalo.com/
টেস্টে সবচেয়ে বেশি ছক্কা কোন ৫ জনের,https://www.prothomalo.com/
কী হলো বব ডিলানের কনসার্টে,https://www.prothomalo.com/
